2021-07-20 18:50:47,Matheus Morandino di Giovanni Carneiro,Matheus Morandino di Giovanni Carneiro,matheus2060@gmail.com,Masculino,,4,,1,3,8,4,8,9,,,,,,4,9,10,10,10,10,10,8,,,,,,,,,
2021-07-20 20:41:30,dawda,Matheus Morandino di Giovanni Carneiro,matheus2060@gmail.com,Masculino,4,4,,,2,1,1,7,7,,,,,,4,5,6,3,9,10,8,9,,,,,,,,,
2021-07-20 21:46:09,Matheus Morandino di Giovanni Carneiro,dawd,matheus2060@gmail.com,Masculino,1,3,,,2,4,6,10,10,,,,,,2,3,4,5,7,8,10,10,,,,,,,,,
2021-07-20 21:54:47,Matheus Morandino di Giovanni Carneiro,darvbftftf,matheus2060@gmail.com,Masculino,5,5,,,2,7,8,10,10,,,,,,1,7,9,10,10,7,9,10,,,,,,,,,
2021-07-20 21:56:55,Matheus Morandino di Giovanni Carneiro,asdfghjklï¿½,matheus2060@gmail.com,Outro,2,5,,,5,10,10,4,2,,,,,,1,6,6,7,8,8,8,4,,,,,,,,,
2021-07-20 22:12:42,Morandino di Giovanni Carneiro,Morandino di Giovanni Carneiro,matheus2060@gmail.com,Masculino,5,4,,,6,6,7,8,3,,,,,,1,10,6,5,5,6,8,9,,,,,,,,,
2021-07-20 22:21:50,dadwa,Morandino di Giovanni Carneiro,dawd@asda.com,Masculino,4,1,,dawdadada,5,5,7,8,10,dawdaawd,,dadawda,,,2,5,1,6,5,7,7,5,dadaw,,,,,,,,
2021-07-20 22:24:44,Matheus Morandino di Giovanni Carneiro,asdfghjk,matheus2060@gmail.com,Masculino,4,2,dadacfse,dawd,4,4,8,5,5,dawd,dawd,dawda,,,2,4,7,3,4,5,5,5,dadaw,dadaww,,,,,,,
2021-07-20 22:27:49,Matheus Morandino di Giovanni Carneiro,asdfghjk,matheus2060@gmail.com,Masculino,1,4,dwascsc,dawdad,4,7,10,3,4,daw,,,,,4,5,3,2,4,5,10,10,,,,,,,,,
2021-07-20 22:31:29,Morandino di Giovanni Carneiro,Morandino di Giovanni Carneiro,matheus2060@gmail.com,Masculino,2,1,,sadfghjk,2,4,7,10,3,,asdfghnjm,,,,1,6,4,6,5,5,8,9,,,asdfghjk,,asdcvfb,,asdcvfbghjm,,
